{
  "total_files": 12,
  "file_types": {
    ".wav": 6,
    ".txt": 6
  },
  "valence_stats": {
    "mean": 0.2684139975598801,
    "std": 0.5054064792822937,
    "min": -0.4767,
    "max": 1.0
  },
  "arousal_stats": {
    "mean": 0.28150000000000003,
    "std": 0.4751542333332888,
    "min": -0.237,
    "max": 1.0
  },
  "energy_stats": {
    "mean": 0.21695033900248697,
    "std": 0.3952732434838752,
    "min": 0.0,
    "max": 0.9948730697998633
  },
  "cohesion_stats": {
    "mean": 0.0,
    "std": 0.0,
    "min": 0.0,
    "max": 0.0
  }
}